{"file_hashes":[{"block_hashes":["tMUb2+1sq0+49NXfCOVPadP//ER79yC4Y99RHG1yd+w=","LjfZGNiEBWAJzlCF0QdUGi25U1+qJZsmJv6l1xwcTZo=","5J5V02NGDhYBifZKBc8D1zCOztJTUKwrvG9jbGJCrXI=","6mV3Ocs28GI5Nfc9F6T/aiZzO4SBlT0zYz5omD1MvbA=","GCSMNoL8rY00KoIvwpTG6BzVF3ls30uvWn9fUY5/Rug=","k8qo+xLH8Y32e7L6aAZTckS+d/r4VNeXFVglRGfoCsU=","CaOteKTs0x7qejFCyLeeKhsSAPZUFuAXerqkQGsYL9I="],"block_size":4096,"path":"background_scripts/actions.js"},{"block_hashes":["0VXHZWDr6Fw9IZVmmST7CSmprFIUWXuHZzD4BsU0A9M="],"block_size":4096,"path":"background_scripts/bookmarks.js"},{"block_hashes":["EQEv+jnUbbU5Qzi672+bkUWwDxIly06MSIce/itzQQM="],"block_size":4096,"path":"background_scripts/clipboard.js"},{"block_hashes":["mM7kusqAau7x6gwUv6WNBR3Z6EAxAegSAMkU7GpVig8="],"block_size":4096,"path":"background_scripts/files.js"},{"block_hashes":["HEwhj/WLHGUfF+mZN9/jjqYiInl9/vG1TN9XZItgZqU="],"block_size":4096,"path":"background_scripts/frames.js"},{"block_hashes":["KIoYwOGjqGZFKsF+JlFRR47GLRQTQaRy4Bp3cNVvOjA="],"block_size":4096,"path":"background_scripts/history.js"},{"block_hashes":["Z0L3xE5WMQx5w6QgoZ2Toi25X3zUnW2QjCWrfPAizts="],"block_size":4096,"path":"background_scripts/links.js"},{"block_hashes":["9K+wE1DVd+GgQAFIu2MWd/OpY9Q3k3RVRDhNnQ+wXXQ=","r+5F4XpvCXrEnXumCIAMSG0QKwW8GU34ix0utyD5lbU="],"block_size":4096,"path":"background_scripts/main.js"},{"block_hashes":["FyubWYYv2uIQhEpYNbow1aGEiGz2zyPE9Sp1FnHNStA=","UylnH4dWYn48Ud4EQA0w1qUWEu7+a8IIXipUZ0JLtgc=","CaE1vqTnguyusNxGCdJaKHcvbtFVFH44Yk3xG7E/ZFI="],"block_size":4096,"path":"background_scripts/options.js"},{"block_hashes":["1c07rkbnEj/iqmZP+kl6Z4crNkzk0bZa8KS8f+T4ivg="],"block_size":4096,"path":"background_scripts/popup.js"},{"block_hashes":["P4cbF7YavB1+qsAkJKs+VKYmW+Yp9uG5r5g/f+B8qbc="],"block_size":4096,"path":"background_scripts/sessions.js"},{"block_hashes":["hNePqOm3B6Fmzhsq7kowwx9fYXG3uGhYGI2AaX6gFvA="],"block_size":4096,"path":"background_scripts/sites.js"},{"block_hashes":["PjysBBlpk9gov2tR/TM4yXB1aFAqQInS2fDIpoQJ4w8="],"block_size":4096,"path":"background_scripts/tab_creation_order.js"},{"block_hashes":["cL8QQ4Okxrx40KknnRbHx1utWDtdk7eL2rch51FKJZw="],"block_size":4096,"path":"background_scripts/update.js"},{"block_hashes":["OWi1uvfmYARcnAYYp1TSJAFybnX08yxBd/ndgsQECFI="],"block_size":4096,"path":"background_scripts/user.css"},{"block_hashes":["/m2bwXzG46b6t+sIY44KwXoY4tP8SpIfWIMQyb7gBAI="],"block_size":4096,"path":"cmdline_frame.html"},{"block_hashes":["UTouhwhomZHEe/jxtWgaRD1T0HWMciXBKaFydiyZ1Lo="],"block_size":4096,"path":"cmdline_frame.js"},{"block_hashes":["yFGuDxFLi6A3HIF1SmGdsZlx1Zx5FR8HDk/31KbQ/sQ=","HQ1NCGX+Nsl9AGH4WhakpCZ54+6WNMfcZInjLoH6Gtg="],"block_size":4096,"path":"content_scripts/bookmarks.js"},{"block_hashes":["9QrWDvmw9d9a/xNRVEzsFzo7Zwqa1wIjzZJt9nXna9Q="],"block_size":4096,"path":"content_scripts/clipboard.js"},{"block_hashes":["kQghsXw37uHxhYJ1w3FvJhCDcr+bcjJs8hLVgaBVJUo=","BBO8Eems+/XAq/bI6tj0nuOEZubl4/6ewjncFfP4nzU=","Y6Gu+qtd4bT0Ac6eg5ZzIlqjMYMSsGp3IRNMOe9NdWE=","PyKdaoV0roUGTrIbNcTh6MsA5g9KD9APm4lhrta8WSo=","ieZz2nGyPqnMglqxUd8++/9Jyovdw6RXtVbP9uzusjs=","krzCpjao1QJu7lgAAyf9pSr9vNFVzszD7svvo4Ggdb8=","Tdd/hVbMFbHcF38FpkpWOBv41A3uup4YI/zkS84fY0c=","XFQvVUARKIW/pBd/9yryVqYatRQtamwZbSyvqYUSnrc=","SVppzIOlPNoDWI6npNr3fLSuR/j96qi53jWTQarmMX0=","zPtFpsEc4XVMvBOn5sCu861OIVlqigJsrwoPBrHh76s="],"block_size":4096,"path":"content_scripts/command.js"},{"block_hashes":["oaxbLueDLe2Mooa1gd7VgHfyG1+r98XC60JvL2WTck4=","K2hlinZnfsAzjjtVS3OcYEDWbFUvNGk1wXgUWG2UapY=","DpFcjGVKv0HNhLj+RAjbV7xX0mABUkJeE8M7cxRYFeg=","yIptyGjmUFm08I6waM3cnUo/5qRhTDP/tZ3e00VeSrE="],"block_size":4096,"path":"content_scripts/complete.js"},{"block_hashes":["Ur1QWLj+r3JlZ1phrjDpgrMddPeG4EqYZGzaN9Sz7gw="],"block_size":4096,"path":"content_scripts/cursor.js"},{"block_hashes":["UwhaynxpU7mLXoPQcY3+Crx1vcMHV8QL3eFnibVdcpE=","X0arv+Isdlxsa3s9dxpLQhWGK9q5aNOtBT/muSALRr0=","3jvOplRlZP4U0VZ3Lba+Wwu5aR5xgrYmqWqkKLKV3fY=","RhNp7WeFh7Zj2trILs/cXyngZOqwfh8hTp1ahvnP+Q8=","8xYYOx4nb8GQomuLz36LW/eC8qPGwWMv2WEsivJuxd8=","7ehzhKy4t+IZgAPOxn+0GST3bNO7OmPsGQl8hQIDxlk=","FQ0xugz76yB3GkS38Fv03haZp/cUi41CrtRjxBMWsVA=","cU0GpkfMVl1xe3mHDImsaM85ho+qTcToromd1VZmSzM=","4dihYVcITahQaByed3x61Xi5P+qrHy7ogNW6AySEoYg=","Im1Z/ZA3dOpNxksghLmnqEYWJJdUzubCf2Li33QT9Ps=","TbMIYwah4KCRuLHXL5nDFYMnPqdOpifkf84Opzd6JAE=","YiZvtN2fOXnhx7O1QrTbDyQETfUR4zO6wTS1jkcdHAs=","/gXAJCTIqfbiHqRxuWowuX1GH8NagR1CdNJCXRtkkSk=","HPpKGRY2ihhkm5dfcnNRqcjrAh598GGwmI9oy3LAa14=","3HqnyvpxQypda3Saoem7dVHAzFRQlt/PbD6kAxJLNNg=","Y0gHPzih3Zlvs9mEJXij0pLMx4ksHOCOKyowVPZUKsA=","23wbcb8ImnFgrM8EWEQXTqtcuxq9o1bRju7h/iy1w3o=","fJ0tFRjGXgcbhlopzZINHfvASF47VjGtk3a3w7WJrAo=","Wz7yHBY3sDInqUxLfgev6NcLk25szweuZZf1rgRNOlI=","n08emuHWc2WYkU7DhqlfLyBptJazX3SqNO9OmXTRpkQ="],"block_size":4096,"path":"content_scripts/cvimrc_parser.js"},{"block_hashes":["ktRWD6VnXFPUnqgvRXHtdf51ZKM45xRZerFQbiFn9as=","FBRGsV9JGaKLBh7DJHqxYf9dVVZRki7qia16ZVf+H9g="],"block_size":4096,"path":"content_scripts/dom.js"},{"block_hashes":["rl9dlP1rM7dBiu/uTaewivc9saCCJ3ScdfxBd8JEj2U=","DI8yXt7jBKGQQNLFzrO2E+GfNXvD0IDTru7H7dvajEE="],"block_size":4096,"path":"content_scripts/find.js"},{"block_hashes":["fgANjwkvBXkwF3BdSRESRhyAYnj9XXzwc1D6v/YAGsM="],"block_size":4096,"path":"content_scripts/frames.js"},{"block_hashes":["Tc7e6mAk35xS9KLS501dhryDw82GnnOwk/qAleVgECA=","/ySTfQFZC+5XhfjdDzOxyJGUIMzla7swUB4ocCnaOeo=","hUXPbSghCrQfWxryGheqoRIJeQcibkYjcS/Bz8qB9ZE=","8zoS1FFmg+JtxxA+s4LwgBiRNGy5tOpxsO2rNUVuKQE=","RDjLJTN8tas7JMvi2k7vEY0GHhOILOUGESQJFVO2SYI=","DOGKTONTtS+DyHUAtxJfxrdRlH0oM0rXdWvM4uDN+lc="],"block_size":4096,"path":"content_scripts/hints.js"},{"block_hashes":["20DN1MuuODA0p1V6xX0kx+VZDRLrTwPpErxLoAAiFoY="],"block_size":4096,"path":"content_scripts/hud.js"},{"block_hashes":["qcBLGvpJ0606rqtTh5VjvMzrf1428hhDxeOjP4LoPOQ=","Oi/J3xU2yfs97J8dhBryDSYXzM6OJFDNQhgzR7eiV94=","YUrJ6B5Vl6wNdj8bNsDSFUj2WfHcN1YeR/eNKjT1W2g=","QWytOnArXKM7tqM4cVzG3dAQKXOARjGXzDAcOTufo+w=","my0vRZCIyYiW/OYwVFHnzBotpLxW2z5rJq6cGX1a5Ss=","GQ0zIJ9hWIEiEzzetPRaD0IofT6lfkFUj21scnhAzsA=","3cqkBLXpa8aKAmCguEH/Zx8+my680xjnkeSegrrRRWU="],"block_size":4096,"path":"content_scripts/keys.js"},{"block_hashes":["Sn+6AAj25Mo4H84L64k4nErEUERYSR4MvGOMja+N+wo=","CkEPzHRYK+9W5xnEs9LujhD4mzUR7bUET1gQ/nJNS3s="],"block_size":4096,"path":"content_scripts/main.css"},{"block_hashes":["GgrgMkO5zgGXdbEvfUbuhB8ZflSjkElzekMH+8TOiK8=","zLZtU0ERPUah3QSX4i1tLj8GZ+lyk+MZRsv30KZHdws=","mK+vFRVY9+3otJMDO9R8vfqNo1jSF55cGlNWdIoWeMA=","yiop+nC0j7CrsAkEt4gxVyDVMsj9p0H/Ku1LLmr0760=","GXiD3C3W7/mGPmgSN+4Hs5+bu+12sS3H7lhXXvG9xHs=","KM4NlD5tSFFaCN97hnOzbjvksS1pW3qDy+kLciUGgQ4=","/MfMlL3IQx4pkqcXTAYYHFF3huQ6aDgTwgFIo19Oarc=","n/TIaWTvg6WIvtbMKGnQXJ5269qwqX5g40o9YIe0a6A=","y1owjclH19zQAnwLFlcPL1W4lprCADaJPtT2ZnPk/h0="],"block_size":4096,"path":"content_scripts/mappings.js"},{"block_hashes":["EtqyLTlvfOSwfw8zEWsVRJEaSuUK2vMXIeQjUPP1OYo=","9gfHLCcqaozKZOlB5XDYWksBWYd9zn05M1e2kRfAjwI=","u6j+Uao3S67CO8hY+IrufMlDhtbB6Z+MiGgCiZPI+Bo="],"block_size":4096,"path":"content_scripts/messenger.js"},{"block_hashes":["FjM7zYZbt/sTaVlMfufkpfv2GtdvMVysOlKxrWVgj0w=","u+yApdmwN3actuxsrYfAm55dcaWf5VNZ/rWbqG85iC4=","teCGN/jagKsZqlP7XHpvaGToCy903/+dRV3McXkPE+0="],"block_size":4096,"path":"content_scripts/scroll.js"},{"block_hashes":["3xEx53nPYasI4EV86rFFUC4UcOy5XdvO01r1S5u2wdQ=","VseQepUWJtngkkGY+Hci4fUcYix5JB8fxno39BzWLWw="],"block_size":4096,"path":"content_scripts/search.js"},{"block_hashes":["NflEMEr+cuSw4DGbSHCKsShIVCzucqUsipHx9B/6avs="],"block_size":4096,"path":"content_scripts/session.js"},{"block_hashes":["HWG7KztRrsnBsY1xR3j1ZgC/TaRwiZ4w3qxvD4Qgo5I="],"block_size":4096,"path":"content_scripts/status.js"},{"block_hashes":["Ff0PJzARlEqYHTCStczxvILZnNBfCKvC24JhmO+XFbg=","juE5mSXoNJFpCpwLStlSaJtTJOwxpRIZn+kWIvl3pK0=","BUMwvr3ftfFzCSLFM6Akdd9QjLQXrl2QHGjedok4el8=","tWzd3gjqG0XdaYX9EvrNiHjMuu6iPbBGv5i697GXayc=","tH03JX/V8XV6XcB1E9YBxC1b9ckkcBSv6RLzOB7uPvo="],"block_size":4096,"path":"content_scripts/utils.js"},{"block_hashes":["hjgbF04R3vD6P6MIUiXo/QCzRxM3VMpTY5OjiXyGons=","Ng9+V6jNw549YzZDTwQWhB29P6ezQveOg8EzzXUeQ9E="],"block_size":4096,"path":"content_scripts/visual.js"},{"block_hashes":["F73k2y1yHtkBq0/svSLFaF/RVfci3O+v58AgisOd3sE="],"block_size":4096,"path":"cvim_server.py"},{"block_hashes":["dpWrjP4B6ZgyMDT7Z33gQbtihJXngAkxTnQlp0rQvIg="],"block_size":4096,"path":"cvimrc_parser/Makefile"},{"block_hashes":["UwhaynxpU7mLXoPQcY3+Crx1vcMHV8QL3eFnibVdcpE=","X0arv+Isdlxsa3s9dxpLQhWGK9q5aNOtBT/muSALRr0=","3jvOplRlZP4U0VZ3Lba+Wwu5aR5xgrYmqWqkKLKV3fY=","RhNp7WeFh7Zj2trILs/cXyngZOqwfh8hTp1ahvnP+Q8=","8xYYOx4nb8GQomuLz36LW/eC8qPGwWMv2WEsivJuxd8=","7ehzhKy4t+IZgAPOxn+0GST3bNO7OmPsGQl8hQIDxlk=","FQ0xugz76yB3GkS38Fv03haZp/cUi41CrtRjxBMWsVA=","cU0GpkfMVl1xe3mHDImsaM85ho+qTcToromd1VZmSzM=","4dihYVcITahQaByed3x61Xi5P+qrHy7ogNW6AySEoYg=","Im1Z/ZA3dOpNxksghLmnqEYWJJdUzubCf2Li33QT9Ps=","TbMIYwah4KCRuLHXL5nDFYMnPqdOpifkf84Opzd6JAE=","YiZvtN2fOXnhx7O1QrTbDyQETfUR4zO6wTS1jkcdHAs=","/gXAJCTIqfbiHqRxuWowuX1GH8NagR1CdNJCXRtkkSk=","HPpKGRY2ihhkm5dfcnNRqcjrAh598GGwmI9oy3LAa14=","3HqnyvpxQypda3Saoem7dVHAzFRQlt/PbD6kAxJLNNg=","Y0gHPzih3Zlvs9mEJXij0pLMx4ksHOCOKyowVPZUKsA=","23wbcb8ImnFgrM8EWEQXTqtcuxq9o1bRju7h/iy1w3o=","fJ0tFRjGXgcbhlopzZINHfvASF47VjGtk3a3w7WJrAo=","Wz7yHBY3sDInqUxLfgev6NcLk25szweuZZf1rgRNOlI=","n08emuHWc2WYkU7DhqlfLyBptJazX3SqNO9OmXTRpkQ="],"block_size":4096,"path":"cvimrc_parser/parser.js"},{"block_hashes":["zucLCjz6oUymaxKcFXl/9/kh4edX9gN6Cy4z6HuPk0s=","kY/vwUlEPa5eJuUvH3vYZ44BOm/ufrgsQ7q8VwXpPGk="],"block_size":4096,"path":"cvimrc_parser/parser.peg"},{"block_hashes":["VpkHcIV5gcYBjZvB3/vWhTVlfYW6dvcB+ILDloB3Ai8="],"block_size":4096,"path":"cvimrc_parser/test/test.js"},{"block_hashes":["HnWpKa8njRSQVlLwR+I2eXTj0mJdqflzLqR+qlmLw6s="],"block_size":4096,"path":"cvimrc_parser/test/test.vim"},{"block_hashes":["/bSZ7EoOGCAakmNz9oDj77VQqCs40L+lgqFhEo+DjIw="],"block_size":4096,"path":"icons/19.png"},{"block_hashes":["vAp69wk+bhOUlistAUKCcEbFg9m2Etg3hRzdlVny07w=","DksECtsT6qLp+2eo8+dkrNQB05Oq0xJtz5bffi2njT8="],"block_size":4096,"path":"icons/38.png"},{"block_hashes":["RBu8Iqi31YqSmZGdyRoWCMT4WVodVIer4KdXA/4XHjg="],"block_size":4096,"path":"Makefile"},{"block_hashes":["Sbhp75lQjVhMP0YMT2kLMtxC+mgTSb33Dr1L/a5O4js="],"block_size":4096,"path":"package.json"},{"block_hashes":["ca/dh8NOb9ignQXOtLpKbz9ZdvNGMlxl1R6e9SM6twg="],"block_size":4096,"path":"pages/blank.html"},{"block_hashes":["0jtYmwqAKx9rCBrmQbS4a4L51nwOi+j1p9TY4QoqaeE=","Uaa7rBrV0bFVtBdAzO4MgeeFVMFP2DxT/CucCenVFxg=","gPf2wwohyYGTKTxgKhLUpOaDOJ2OmB/8MF9ZE46MCoE=","tajHCC4JWkDN8TW+WwKgViNKL4ACEtrZR67aX48Mml0=","jatmaRisYqu7W/zUWQubvqeZMfhMkyhzedXFqbEAgGs="],"block_size":4096,"path":"pages/changelog.html"},{"block_hashes":["rcpreS9jRxB6nkK8N2D+GK6kpv8GuVO/irF5LN68wOc=","LImUwVuWdCKbQmIVVXuAafSQO8TlqCfNrm6UU4Ffr7E="],"block_size":4096,"path":"pages/codemirror/codemirror.css"},{"block_hashes":["HqaL9WHOPj96OZNk4HKxD6tXJoXFiXdTeIEQxb+De7k=","FLllTXvRrjwgLcpMRViDZ8qcJu8ieqDaGGVYJrG6MmU=","wLdEPTlDNP8va8ChOLVXlwzE9OLPXjwTqIgbLLQICZw=","8s1sLm9BoI6sb0yzY+gHQgVjyO9kIpllbaHZH4Fzy8c=","Vye6Va7CW6t/B8XsMTTJ9HdKcTpxiLoq5h/dB1oIy0I=","NWNtOQjw/mM3scAyNQ91ieuevPYJ9/kT8ubZwPL3E9I=","LRpnitiN2vJCwF5va1YWGl/obeSaXkZHyE9b0kl1/b8=","TsyH8V4g/fH8qdCxMx+slhRM3ywp8OcaXcyjx7kz+kI=","faYu9IIkCK40qA5+sNvlF/zw2J+PerSynmeNbBj5KCY=","e+d2Ox/Fa7f06nonyG5mugxduwvC30sYuUfSfZyLgUI=","teI4ZhFFUICzg2ef0jfHl5Z6Fb0fe44kkC3cVygosPY=","5R9FE3BpqtYrPJxqWL82PhNmIBb5g+5NLaNz9o2oEsM=","8UEmBAi/7C8v0blb6PVShhngoJwnjNPsGdNtnM6FnDI=","xD2UcsKQS4foMKt+DRqd8pke3CxovPfxky7uZbeQj74=","EB0lNu0FgcgSiPHj/XPXv1qXPd3Bltjgw/4N5CqsD1Y=","LV/+5Jp7GDDsRhH/MXiX4WyKOmR8KKREznsmPxElkIw=","CLcdfInjzZE3G0WRJ2InLjsCJcIg1Gpa3hF2m1Ytpwo=","3rlQ1qIFUZIrkl9OK/PJ7a1FEdiGi8U4/XWPDxzwwrk=","nTG1VcRBkJ06oJqbye0ldykjdFnpLgPNLdHWbl/uczk=","4wjOIzv9blDC1DLpe5koWyBZ4En4EaedPXdLj48nYw8=","yqf2yTk5zuCsRYHo/fKuwEuVuLQCDabLw51R5r4+cbM=","KnmmOW0hQWD2/XAc7jhOs9bXw78k/7I1rgqUBnp5boY=","S2Mbt7dzrv6hXuwWbtllhqHs+pSnVD42k1SM6M9ouKg=","k9gHdV8bbrZpeUKCjTiT41RSPFdhODij246gycDFdvE=","MopQj6udLcWejLEN8fdhlnWk+pQHK3O9scVtNXyrPck=","yTWFJc7k9pofFg2sqM23Kw7FHYaMPgQ3/fELKilGwEA=","3WdisSOOak53KEz9QkGLlRayoZLvAoRSiwZ8javV7FI=","jZ/S+6Tcv5LWiJ5KdhkrU/RcXtKfeLx7S5aBASXI+GM=","QLW+XJGqjSfKzj1Lp//wYcto6U+8LzF5zLvpDNUYV2s=","is9ZxhZA91+X6l+5wgMvLVftJXFtXxWfnpdbnBwWKnI=","2+G7KWlCAiacpyRMoDVIg6ZVCRS1jmYhsxBqKtbxWYE=","j9gfsDTLSnWTuz4UwsN/c+DnGp6HvclW7vKKgNeRoes=","PNVo8zXYbfOJRwiScavd+LCgFC28L4JE1sAahFvmSQA=","vyDTHE2/QUiqc3RFJfdMRYNWWR8mTX7tWnvE21B3M7M=","FPVdcc8EFpKGEBpkm0oQt320+yBLWlTGSGnu1IYz6Lo=","BnQ2wnOYADq7V5xNrBD5E9c1GlavxGGuEOPvZrd4650=","w5LJa4QQe5MtdKAhe0Fd0tuHbFTXKo2XliC/AMkXCwM=","of89NbH1XLc031Z65UNTIeO6EY0KI8GVA8cVwdG/OiM=","Wo/Efqsu98EWdJjGaOH8gb2tI/pS3kwBZj7pT3/HHyM=","0/+Qc7WpPPWdvEfx/ndMBnOka1wKXf+B+S+M1s1zhJQ=","iY+r5+hNF+MM5SYrEgtsqvQ3q7tTnxenEE1G5xHC09w=","LifNtzAXLNNYIlm1wXzUMellDQF4VBdxD6OD4BmXwj4=","Y2kbs/fParoTleLz55rtnlyGfEkoqRGjLHwZDGoH1bQ=","vgmmDk+hw716DFA+NM+HBvFw2RbScZmNMZjw695+QlU=","9O55Kt/yoxeAKDz1sDAAmQ5+ALivaTuJKsvQFVcWl40=","TXPK67ooijH5nhuHhKWbZIpelgKqYHaRia360zX+ODo=","223+AUTDy89SoiNy910il46DkVac4GXslTNvSqPW1/A=","LyEYH3tkdHUXg7AwEv+haFlfvLNaVE74HQp175KXBjE=","/iVhpUpy1eoSJsFsM6a4XH+rFgfcJICAjpBobiGVZPY=","o711kXKGgiV5Py1wH8KtGb6UD6B5ecosMZUzj+fzDMI=","gEs/NyPfWZ+KL81ZGakm47X6aZXclIq9EhgT5MBy2m4=","0NaWH1z7P0uWv/B+Q+DBn70np7Bk66yJMSavdhUojQw=","VOzHR1yH9EenNSzSvUJw441py/UVJB96G3+TNx8uKWE=","BQmRGgJKVgCCYN3+fY1f2PGNoDpBzjOuEEKFUf2W670=","dnzc+7TE75LbgewicPpm69UjloEFoE+pm4xPrdhVUes=","1V63fOpCKUewqBhM8cP39nNOEdONTvufG+p3qRVFeBI=","szRNzXsEJ3Rl/BFJHqQQrPgyU6GVQ65PMawhkWsqfsk=","yLSypNkw9lSfH4lCWePvJz7zGAQ/H+CK4/tH45suH1E=","yZnBEeVsO6tnTzhjU2sAP6YVVrq24q0aN1NiDUlweIs=","wiE9LXtSUf50PzLXBl0BNBbj/ytacsTh1T8N94cy6VI="],"block_size":4096,"path":"pages/codemirror/codemirror.js"},{"block_hashes":["k5H7Q1Qn/qEy2n+22wtY/8FuP77xiLMoa90DOjuqOYk=","H8eymXuKlH/aa659LN9wz1QjEpxcIPwGlL3bAuB2Pk0=","/QcMLaI5tLpId8yShVfQDUMpZWQaKl+TI83wlXypWaY=","nmavUHVfFA//hQAUKkucvPwkcYKoXAKYbA97wibaW5I=","U1bUAqMedv5r3K3gWELmsa1S3a0dKb8igtWCoAs9iYM=","xOOwBs5IcPM+hTXv/RALQ5DFaY3JCjvYL/CsECVxqpo=","JRCv5ztrhqGQPVMYoiQnSnii9cD6XfrY6QmCATvkoZs=","VrXS0gBeZqPyL3+7qb5pxVFlJVI8Y7cpfRi51jwv4pg="],"block_size":4096,"path":"pages/codemirror/css.js"},{"block_hashes":["7LzRm7BBniYUu24ChEOboCc3ux7dc2aNOUPl1FOxP/U="],"block_size":4096,"path":"pages/codemirror/LICENSE.txt"},{"block_hashes":["ZJ134eN06elOWetIasS06cAxuN34Ke0SztoxLseHyGc=","9Ik6l7TwAF6m7iGVHuxxsXen7UHrEaUikGU3YM12kws=","O+exZoDcekFy7cAPKTC4r2RaSsmiZc6CYGmMeMuld1E=","uOCKAF33ISsGj46HQgPClSbAVjxl0zScIt4rb8Qr9PI=","ur7ZX1Q+r0BaxPN1of+BIU0O9DqS3fkZBgcTnSLYG4I=","lEPeMmmhH0e8+ykVCuH3NJXSkUjSOHDrp/PI2eEo7EM=","Au/X7HPr4hBotkNB88SiJennfhPnMM+PbCC2XoxYweY=","ofBTR99Hgd9XByL071QSsxez+iwXiSOxzonbygh4Nso=","aU0YqxQuAYgOYdQArtnMFuBwRGNPs0YEp395+gOMmGc=","YxdCYw8edT5u0IZns03jI/mwgly7vXOOODAP2JFIVkQ=","kk2KoyUcljIvvxoUQAixAXC/bbpCJMQSEZHuwatbsuk=","9GyxmemC9PJzk20htDFxL+1TnlkgnLrXQya+ZmNMXeI=","/eAXSH5FXUEdDmdwquyF/uMFM5jzASr1/kvfwJ+KNJY=","vX+AmZ4+O1ffYAl4jvd0y3M0O7hShDfks3rDhMRUumA=","WUinRMdPlJT2DScPNOcFoBtF6idbDARim7tebXSVk7M=","T9uJu/ITze3kW+IcF2su4otrDySYYpQRyP/D8fAEIf4=","GJPY7UkpMkrKis0fy2iPlEIuelYlS+pjS82qP7Ab42Y=","AR8zW/URmTMzEwSzzLnIADerZ6ji387nDUxAOfM1s0Q=","lYXHfTv/OjDYPDLsfDNO68Me1QYn2DAKigkwm6u/bKM=","s0LR7Z5GKLbgGBEESBw700KnK/yvMBj1ZSEI8iSE9sY=","p/7jV0yhxEzQHPY/BtI32rXbMicqkWwTXkvADh0+DiE=","+3ITbQJQ4iJE713UuRkwXCxGXyXIIGOJrDnGPqk/SFQ=","uZteLQCwy5GWMHTaFr702oF+UhRt2lsMCyn1jAacLbQ=","qlGaHXC3+RlilMFfrJYtsMiSQKxLKz9ol924TEPMc60=","uvxumNKTpme9vaILlA1iCGNzGk/kOjE5Hrx3+/Jyzuo=","ZBhaDYtI9N9kBLH0/TqWORS8GfyYdXbl7tIY2ZxSfGw=","UBkILN9YU52637H9CpbrSULri/SHbzKt6UlLkDQkcMQ=","T2QnxUwIIrzl9T1lIAAUy09WKjWnboA7XDHUttZRJDs=","hzFmDf6T4XjSXi3aiBz7vIw41iUiOFDJeWB+NNz2rEE=","076Cn0eOiAGNJwp3PRG4wID8oGcoWHkzZvwpi0XvlQk=","T2SJLTD1OE13Kv3+bJg0BjJUi8AkS7syK+v6rF8tu8I=","ZhBxvbBQviSymLvU+0SI1T8ao/s+WQzz7ce/+CL1ciM=","f2H05qGz5HWGjQ3Wu22CXmjM46qBWyomTdqqml335YQ=","rdMHMIZtOOrRfpGuTtNEjQrtwpFIOoARyHoYyk65w4I=","UfM/VQmE8HUXBD3qifhrnokdNc1LtdqTfCo/hyPtlTI=","zmSq3AyymYpPZp2qKC8DOqodZOIeoHv7vuZbtGfByTk=","WZrWyZ2HqMXx4Jp0ctQLeqW7M4XpHelWFUTBWHr83CE=","lqxwSf/WgKrxWuupOROv2PzoGr9STp19pQpcb/zGgKs="],"block_size":4096,"path":"pages/codemirror/vim.js"},{"block_hashes":["J7v12uAJxizBYx6H04WMvEs5LYhtYuvmIDuYEacvY3A="],"block_size":4096,"path":"pages/hljs.css"},{"block_hashes":["Z3YIr18QCEY7wHwceguFDtda86N9uTzEv3SCFMYS8B8=","D//jy2Oes+Ky4yGHYpgkB7TOxtagir2aydSueq+xkDc=","Nkbvqd26oVgxcMLYYw9XaL7iZGoyZC36Q6RpGLUbyps=","xcuL8FsNawPyrvCtbIwoYbu3i9ZQHdiHjXUqA99lc50=","JBO5iq/xXoYCbzdyqA3EQpTodMdQvO971a1ThVTVyRE=","ouBsZFlc9x+Mwp/VEBEiayyIgthL9Lc1ZP6n0PSqJfo=","BmQ4Ggn34Z56K6eykEhy2nrSRXgfaWCAvdDiHOGdADU=","/RINyLqZNSrTiTExluhUg4SUnDmUNDDTDcZTK3jXK3o=","eIJhmKNvhuI7uKUP7Ziixn3spL7qrmn0sH0pLXNcp+o=","dFRI578no5JLs29dQTW112gEfEjLqoELtSAP28IohAM=","kwokVmpIUu0CCtjZ2yV0ehhv0zoTXikOgaBiN8YbWjI=","499o3I6cgjoM3wkMchfhsxlmnQIPYXVCbj9RTEFDjUM=","OdeALPbhHIHWWmaBFComGIOIePHcW4vzOiHXGqS0vpw=","5aH4QQxvwc6CclbfG4TdnvIIOeoWlIM+viH+AQ9v6PA="],"block_size":4096,"path":"pages/mappings.html"},{"block_hashes":["mwXJ/qOZ4YHmdrceKylm4tXYLS1LQ8oo9Oi00FyTKZI=","O602TlOdzR1ojQIWK3lyGgqLu94TjMwoWsuCzdcd36o="],"block_size":4096,"path":"pages/markdown.css"},{"block_hashes":["/Gd14EofwO6mlKcZusAv98IBavdK2x0yXtgoHPxUaas="],"block_size":4096,"path":"pages/options.css"},{"block_hashes":["/nYQOhwrokKRBx8YqQtdM8ykNJ+l7a0DE3sGCVOvDOI=","47r59aznKH5NdCDLNe+Ii1+WRHhz4E4rxgBYLTBuMmU="],"block_size":4096,"path":"pages/options.html"},{"block_hashes":["KwNzi4UZ+pQzg6eV05bK9ItPWPiUjLgRnj4zIx2dcjk=","R0vd3Kje2kjPvrFAOBhXlg3OTqbX+U4jgShnO53KCqs="],"block_size":4096,"path":"pages/options.js"},{"block_hashes":["G+M5zXpl8j85lRDfwZBfs79cUZD/nkP9SBGh+ebU6j4="],"block_size":4096,"path":"pages/popup.html"},{"block_hashes":["s81lnWcBMftcYQlVHEOQBztk6DOYJQcFGFQEMXX08w0="],"block_size":4096,"path":"pages/popup.js"},{"block_hashes":["9k6bTMXzzumEDR/q3cCxCUVK9aYS3oi2cstNBsV3g/Y="],"block_size":4096,"path":"scripts/build.sh"},{"block_hashes":["vQU3EimzrfEt4JRkZBjvLGT2vQ3Hr1xY5NvLAj59fSU="],"block_size":4096,"path":"scripts/codelength.sh"},{"block_hashes":["/3e4m0raYEjMIsC7hUP/Rqb2eGI4mYRmRUvUnNKJnkw="],"block_size":4096,"path":"scripts/create_pages.js"},{"block_hashes":["jy0mMggM9r7mMKHy9iITK3rBkV8Eq/5uRgzlazt/j3o="],"block_size":4096,"path":"scripts/update_usercss.js"}],"version":2}